first_name,last_name,gender,department,title,hire_date,salary
Ford,Falconbridge,Male,Support,Senior Financial Analyst,937944053,339500
Doris,Pratty,Female,Training,Programmer IV,1053382665,281500
Noe,Thormann,Male,Training,Professor,1466872536,75000
Margeaux,Sly,Female,Support,Media Manager IV,1308592265,154000
Tansy,Pedden,Female,Marketing,Business Systems Development Analyst,1492867710,62000
Wilone,Brabben,Female,Product Management,Recruiting Manager,1116229025,250500
Jena,Dillinton,Female,Accounting,Analog Circuit Design manager,1103661552,256500
Valaree,Greener,Female,Services,Software Consultant,1467623095,74500
Shela,Knightly,Female,Human Resources,Compensation Analyst,1472383830,72000
Kettie,Treverton,Female,Engineering,Social Worker,1436794171,90000
Jared,Fowls,Male,Marketing,Staff Accountant III,1434395048,91000
Selle,Steinhammer,Female,Research and Development,Web Designer III,1468621202,74000
Miner,Wakelin,Male,Support,Research Associate,1003648740,306500
Selby,Endacott,Male,Sales,Technical Writer,1478650729,69000
Leeann,Derrington,Female,Support,VP Sales,1484020729,66500
Danny,Readett,Male,Engineering,VP Product Management,1511711538,52500
Cyril,McGaugan,Male,Business Development,Financial Analyst,1493801980,61500
Johnny,Olekhov,Male,Support,Software Test Engineer III,1004592155,306000
Edward,Vest,Male,Services,Technical Writer,1464451044,76000
Allyn,Kunze,Male,Legal,Quality Engineer,1414469645,101000
Quintin,Dreigher,Male,Engineering,Administrative Assistant IV,1508712382,54000
Dix,Gaunt,Female,Legal,Assistant Manager,1411171766,103000
Gracia,Sweetmore,Female,Marketing,Professor,1299201993,159000
Corny,Firebrace,Male,Sales,Software Test Engineer II,1284287146,166500
Julienne,Sandyford,Female,Product Management,Computer Systems Analyst II,1514858292,51000
Hardy,Abela,Male,Research and Development,Safety Technician II,1480340101,68500
Siobhan,Kyffin,Female,Sales,Civil Engineer,1516465724,50000
Lutero,Fromont,Male,Human Resources,Research Assistant III,1467942288,74500
Roi,Hollerin,Male,Engineering,Assistant Professor,1455733444,80500
Dotti,Baldacchino,Female,Sales,Structural Engineer,1233534438,191500
Tabby,Kesey,Male,Sales,Software Engineer IV,1336822309,140000
Franchot,Beaven,Male,Marketing,Internal Auditor,1467772507,74500
Kane,Done,Male,Training,Financial Analyst,1472591773,72000
Brianna,Toten,Female,Marketing,Human Resources Assistant III,1471792914,72500
Hanna,McDonnell,Female,Business Development,Human Resources Assistant II,1146467003,235000
Barbe,Breffitt,Female,Research and Development,Systems Administrator III,1483636170,66500
Tanya,Flowerdew,Female,Services,Cost Accountant,1493582781,61500
Cirillo,Derricoat,Male,Support,VP Sales,1449285272,84000
Kiel,Gallihawk,Male,Training,GIS Technical Architect,1047157095,285000
Stanislaus,Lumsdale,Male,Legal,Mechanical Systems Engineer,1501068383,58000
Cara,Edlin,Female,Engineering,Administrative Assistant I,1485350276,66000
Bettina,MacIlhargy,Female,Human Resources,Software Engineer III,1502075328,57500
Lucilia,Bruntje,Female,Accounting,VP Product Management,1476522872,70000
Mathilde,Maeer,Female,Product Management,Analog Circuit Design manager,1019039756,299000
Kial,Lowy,Female,Legal,Recruiter,1515087242,51000
Arel,Deam,Male,Legal,Paralegal,1491684672,62500
Verena,Laherty,Female,Engineering,Help Desk Technician,1515759914,50500
Lowrance,Joselevitch,Male,Marketing,Web Developer II,935877462,340500
Kerr,Meadowcraft,Male,Engineering,Marketing Assistant,1479328243,69000
Sadella,Vondrach,Female,Sales,Information Systems Manager,1325719312,145500
Shayne,Bragger,Female,Sales,Software Consultant,1504530012,56000
Udale,Terram,Male,Marketing,Financial Advisor,1472382021,72000
Antonietta,O'Gormley,Female,Research and Development,Database Administrator II,1073112439,272000
Reynard,Alvey,Male,Training,Professor,1489899680,63500
Lacie,Shankland,Female,Training,Budget/Accounting Analyst II,1493568262,61500
Abbe,Bygraves,Male,Business Development,Staff Accountant I,1386682541,115000
Carmen,McKimm,Female,Engineering,Senior Quality Engineer,1395729846,110500
Christoforo,Taks,Male,Product Management,Electrical Engineer,1510220535,53500
Aube,Dring,Male,Business Development,Human Resources Assistant III,1451377244,82500
Benedict,Budd,Male,Support,Senior Quality Engineer,1491918753,62500
Blane,Beyn,Male,Services,Structural Analysis Engineer,1316480352,150000
Lew,Darbyshire,Male,Sales,Human Resources Assistant II,1469062675,74000
Vitia,Broxap,Female,Marketing,Cost Accountant,1505617410,55500
Aindrea,Bettington,Female,Services,Administrative Officer,1429438015,93500
Flint,Connock,Male,Training,Automation Specialist III,1494529500,61000
Even,Churchman,Male,Services,Media Manager III,1052989024,282000
Julianne,Viggers,Female,Support,Sales Representative,1366965118,125000
Baird,Tirkin,Male,Engineering,Registered Nurse,1513207297,52000
Kip,Dane,Female,Engineering,Senior Developer,1417074407,100000
Amory,Cawdron,Male,Marketing,Clinical Specialist,1270059597,173500
Melba,Giampietro,Female,Training,Marketing Manager,1145140922,236000
Ariel,Weedall,Male,Engineering,Account Representative III,1262351252,177500
Stevie,Akaster,Male,Human Resources,Database Administrator III,1511761688,52500
Ramonda,Pinch,Female,Sales,Systems Administrator I,1478814331,69000
Hill,Batisse,Male,Product Management,Payment Adjustment Coordinator,1487607241,64500
Kennan,Sidle,Male,Support,Systems Administrator IV,1336780622,140000
Dominga,Bagge,Female,Training,Senior Developer,1486394123,65000
Lance,Birchenough,Male,Sales,Operator,1458454789,79000
Nicol,Corgenvin,Male,Marketing,Business Systems Development Analyst,1204530805,206000
Craggy,Hryskiewicz,Male,Marketing,VP Sales,1504789279,56000
Alphonse,Janowicz,Male,Support,Account Representative IV,1330860070,143000
Annetta,Lestor,Female,Engineering,Editor,1495991146,60500
Nichole,McPhilemy,Female,Sales,Help Desk Operator,1377748352,119500
Wendie,Skrine,Female,Legal,Research Nurse,1467647521,74500
Patrica,Dadson,Female,Sales,Help Desk Operator,1389208948,114000
Maye,Smeal,Female,Human Resources,Geologist IV,1404502727,106000
Erich,Fogden,Male,Marketing,Physical Therapy Assistant,1043598904,286500
Pasquale,Trobridge,Male,Product Management,Structural Engineer,1515834246,50500
Scottie,Trevallion,Male,Business Development,Quality Control Specialist,1503431846,56500
Berti,Sellstrom,Female,Accounting,Senior Sales Associate,1475052692,71000
Parry,Shilling,Male,Training,Electrical Engineer,1158144292,229500
Johann,Plain,Male,Engineering,Professor,1257377262,179500
Clyve,Crisell,Male,Engineering,Information Systems Manager,1344932629,136000
Crissy,Gurner,Female,Support,Senior Cost Accountant,1099420246,258500
Celle,Lovart,Female,Services,Human Resources Manager,1497156413,60000
Ignatius,Warin,Male,Support,Developer III,1359263329,129000
Jack,Fazzioli,Male,Business Development,Account Representative IV,1509671137,53500
Saxon,Krzyzanowski,Male,Business Development,Pharmacist,1460179372,78500
Teodorico,Hanne,Male,Services,Social Worker,1507084200,55000
Nerta,Kettleson,Female,Engineering,Registered Nurse,1495797415,60500
Trefor,Lansdown,Male,Accounting,Cost Accountant,1308995979,154000
Barbe,Hutcheons,Female,Services,Web Designer III,1311555142,152500
Ibbie,Anstey,Female,Support,Statistician II,1442761263,87000
Esmaria,Winchurst,Female,Accounting,Legal Assistant,1235140282,191000
Amalle,Spaducci,Female,Business Development,Speech Pathologist,1365223867,126000
Hilde,McCorry,Female,Services,Senior Developer,1167798469,224500
Tanya,O' Hogan,Female,Marketing,Help Desk Operator,1468758632,74000
Perice,Gladstone,Male,Marketing,Nurse,1180506806,218000
Aeriell,Callam,Female,Research and Development,Electrical Engineer,1460257895,78500
Otho,Wickerson,Male,Product Management,Assistant Professor,1513781955,51500
Fletcher,Di Matteo,Male,Product Management,Structural Analysis Engineer,1318072803,149500
Jeanelle,Marcome,Female,Business Development,Desktop Support Technician,1510308141,53500
Madelin,Vickarman,Female,Business Development,Sales Representative,1077373481,270000
Pru,Napolitano,Female,Sales,Programmer II,1385613348,115500
Ingar,Dundredge,Male,Marketing,Environmental Specialist,1304432795,156000
Del,Styles,Female,Accounting,Information Systems Manager,1481602112,67500
Karrah,Eul,Female,Engineering,Electrical Engineer,1516225914,50500
Saundra,Wapples,Male,Support,Senior Editor,1463598264,76500
Howey,Risdale,Male,Training,GIS Technical Architect,1472742356,72000
Gunter,Rany,Male,Sales,VP Sales,1491011597,63000
Elinore,Hehl,Female,Product Management,Software Consultant,1471688526,72500
Lindie,Pattle,Female,Engineering,Statistician I,1475463849,70500
Shauna,Root,Female,Engineering,Assistant Professor,1177683272,219500
Gillan,Dominici,Female,Product Management,Teacher,1346856435,135000
Esme,Risbie,Male,Product Management,Senior Quality Engineer,1502200673,57500
Inger,Mungan,Female,Training,Media Manager II,1483337705,67000
Tiffi,Flowith,Female,Sales,General Manager,1513828361,51500
Lester,Wordley,Male,Training,Operator,1465927931,75500
Ferrel,Fermor,Male,Training,Help Desk Technician,1490142557,63500
Wendall,Albisser,Male,Business Development,Nuclear Power Engineer,1144540523,236000
Jackquelin,Lengthorn,Female,Research and Development,VP Accounting,1293845898,161500
Reinhard,Handmore,Male,Legal,Nurse,1513446232,51500
Clareta,Grealish,Female,Legal,Internal Auditor,1213877132,201500
Rycca,Lackinton,Female,Accounting,Tax Accountant,1496881901,60000
Morgun,Hankin,Male,Legal,GIS Technical Architect,1478776564,69000
Maurizia,Whittingham,Female,Sales,Computer Systems Analyst II,1442967145,87000
Anneliese,Antonchik,Female,Marketing,Occupational Therapist,1406997989,105000
Tamara,Coopman,Female,Training,Graphic Designer,1497984782,59500
Galven,Pflieger,Male,Sales,Research Nurse,1411884243,102500
Vaclav,Lantiffe,Male,Marketing,Social Worker,1516049158,50500
Jilli,Tosh,Female,Engineering,Occupational Therapist,1505857841,55500
Aprilette,Raeburn,Female,Support,Research Assistant III,1480177087,68500
Valerie,Tomsett,Female,Services,Project Manager,1513047684,52000
Moritz,Royse,Male,Engineering,VP Product Management,1468225196,74500
Leanor,Stearns,Female,Services,Compensation Analyst,1259595054,178500
Nicolas,Gopsell,Male,Legal,Geological Engineer,1365962307,125500
Avictor,Eldrid,Male,Services,Recruiting Manager,1455184610,81000
Brad,Blunt,Male,Sales,Account Executive,1460097213,78500
Gaston,Legen,Male,Training,Paralegal,1478231479,69500
Beau,Radden,Male,Support,Statistician II,1361339982,128000
Duane,Gebuhr,Male,Product Management,Senior Cost Accountant,1503862414,56500
Seumas,Forster,Male,Engineering,Associate Professor,1503983017,56500
Garik,Dumbrill,Male,Business Development,VP Accounting,1209590993,203500
Melodie,Coling,Female,Engineering,Software Consultant,1458536697,79000
Abbot,Spears,Male,Support,Food Chemist,1464880811,76000
Nickolas,Clethro,Male,Marketing,Administrative Assistant III,1508368436,54500
Peg,Cromwell,Female,Marketing,Cost Accountant,1501747283,57500
Bridie,Beeby,Female,Services,Software Test Engineer III,1500183822,58500
Cart,McGuirk,Male,Support,Administrative Officer,1340019596,138500
Chantalle,Gloves,Female,Services,Systems Administrator I,1457223716,80000
Victoria,Maingot,Female,Engineering,Sales Representative,1410751451,103000
Sybille,Bickerstasse,Female,Sales,Actuary,1396891897,110000
Carena,Stucksbury,Female,Engineering,Financial Advisor,1295486373,160500
Murry,Grevile,Male,Business Development,Operator,1389849603,113500
Marlin,Arnaud,Male,Human Resources,Senior Developer,1452491220,82000
Kip,Staton,Male,Accounting,Tax Accountant,1392973616,112000
Beatrix,Sayre,Female,Business Development,Administrative Assistant IV,1494597245,61000
Shell,Lillistone,Male,Marketing,Sales Associate,1307668378,154500
Eduardo,Audrey,Male,Business Development,Mechanical Systems Engineer,1272880902,172000
Carolee,Seppey,Female,Sales,Senior Financial Analyst,1480737981,68000
Xenia,Cornehl,Female,Product Management,Research Assistant I,1446594116,85000
Nora,Malia,Female,Marketing,Research Associate,951220238,333000
Elbertina,Rhys,Female,Accounting,VP Marketing,1483481035,66500
Randell,Mateu,Male,Research and Development,Marketing Manager,1210860439,203000
Cherice,Dagon,Female,Legal,Project Manager,1477791572,69500
Wat,Hibling,Male,Marketing,Project Manager,1140964598,238000
Carley,Klosser,Female,Services,Professor,1325631508,145500
Lari,Knappett,Female,Product Management,Executive Secretary,1500803308,58000
Burgess,Kestian,Male,Engineering,Electrical Engineer,1512338740,52500
Abbe,Illwell,Female,Marketing,Environmental Tech,1456226702,80500
Alica,Steere,Female,Product Management,Clinical Specialist,1220453094,198000
Mattie,Whettleton,Male,Product Management,Clinical Specialist,1484372893,66500
Juana,Ryburn,Female,Legal,Administrative Assistant I,1179931615,218500
Gabi,Pletts,Female,Business Development,Engineer II,1482081396,67500
Rancell,Varley,Male,Research and Development,Administrative Assistant II,1504793598,56000
Donnie,Minto,Male,Business Development,Help Desk Operator,1479993722,68500
Kata,Oloshin,Female,Services,Executive Secretary,1486440961,65000
Lock,Scimone,Male,Marketing,Assistant Manager,1091650179,262500
Niki,Pleavin,Male,Accounting,Quality Engineer,1218069861,199500
Jere,Perllman,Female,Engineering,Quality Engineer,1432595154,92000
Paco,Lettley,Male,Services,Health Coach IV,1221666758,197500
Tess,Champneys,Female,Business Development,Chemical Engineer,1496756372,60000
Theressa,Celler,Female,Training,Marketing Manager,1474693979,71000
Amata,Eisold,Female,Product Management,Clinical Specialist,1486590025,65000
Eddie,Ibbitson,Male,Services,Software Test Engineer III,1452265923,82500
Marena,Oganian,Female,Engineering,Environmental Tech,1363556853,126500
Quill,Thirst,Male,Product Management,Staff Scientist,1489280135,64000
Neill,Rapa,Male,Services,Help Desk Operator,1497663555,59500
Urbano,Hornung,Male,Business Development,Compensation Analyst,1363917434,126500
Miriam,Rubinek,Female,Marketing,Nurse,1479689131,68500
Lanny,Barks,Male,Marketing,Nurse,1410668796,103000
Annora,Scardafield,Female,Support,Health Coach III,1516460106,50000
Rene,Gibbings,Male,Marketing,VP Marketing,1136876876,240000
My,Gaish,Male,Accounting,Business Systems Development Analyst,1468038661,74500
Bevin,Loughlin,Male,Marketing,Quality Engineer,1494386134,61000
Maressa,Handman,Female,Product Management,Internal Auditor,1315788985,150500
Gladi,Tuhy,Female,Support,Financial Analyst,1510256612,53500
Betty,Hawgood,Female,Training,Marketing Manager,1478439349,69000
Sela,Dik,Female,Product Management,Research Associate,1365297959,126000
Iain,Petre,Male,Services,Structural Analysis Engineer,1495078149,61000
Elston,Clapp,Male,Training,Technical Writer,1497757780,59500
Winifield,Audibert,Male,Business Development,Registered Nurse,1300528819,158000
Ferdie,Sutherley,Male,Product Management,Environmental Specialist,1479363280,69000
Willie,Fairbairn,Female,Services,Executive Secretary,1466852045,75000
Duncan,Van Haeften,Male,Product Management,Staff Accountant I,1184944400,216000
Gratiana,Norquoy,Female,Accounting,VP Accounting,1291141069,163000
Noella,Ager,Female,Product Management,Budget/Accounting Analyst I,1426370935,95500
Drud,Kaesmans,Male,Business Development,Biostatistician I,1462204011,77500
Ogdan,Lackemann,Male,Support,Software Consultant,1480463227,68000
Blondy,Fright,Female,Services,Payment Adjustment Coordinator,1474956919,71000
Gustie,Petz,Female,Human Resources,Recruiter,1282946490,167000
Cicily,Hesey,Female,Legal,Operator,1481235307,68000
Shaylyn,Cafferty,Female,Human Resources,Associate Professor,1121014250,248000
Arlyne,Fermoy,Female,Product Management,Research Assistant IV,1282407029,167000
Katleen,Christene,Female,Product Management,Help Desk Operator,1473015532,72000
Berkie,Borth,Male,Product Management,Business Systems Development Analyst,1275494734,170500
Robin,Ungerechts,Female,Human Resources,Occupational Therapist,1339847173,138500
Roxana,Dunning,Female,Human Resources,Programmer III,1494331876,61500
Jobie,Sheircliffe,Female,Support,Senior Quality Engineer,1362267747,127500
Keven,Stolz,Male,Marketing,Chemical Engineer,1510898603,53000
Harold,Ellis,Male,Business Development,Teacher,1497659415,59500
Alphard,Oloman,Male,Legal,Budget/Accounting Analyst II,1450058518,83500
Giff,Guppie,Male,Legal,Operator,1341504090,137500
Caterina,Jurges,Female,Sales,Teacher,1201394725,207500
Giraud,Geffe,Male,Business Development,Marketing Assistant,1462693715,77000
Lorrin,Peggrem,Female,Engineering,Budget/Accounting Analyst I,1461677299,77500
Giuseppe,Dable,Male,Services,Structural Engineer,1499297582,59000
Elia,Faucherand,Male,Engineering,Developer I,1460640076,78000
Ethelred,Fowden,Male,Human Resources,Software Consultant,1486304714,65500
Abeu,Luety,Male,Training,Nuclear Power Engineer,1481963506,67500
Corella,Windram,Female,Training,Junior Executive,1223585882,196500
Denyse,Fears,Female,Marketing,Health Coach III,1072074261,272500
Kelvin,Irce,Male,Sales,Civil Engineer,1485397165,65500
Norman,Lacelett,Male,Marketing,Operator,1492192057,62500
Zachariah,Petrelluzzi,Male,Human Resources,Junior Executive,1487352019,65000
Filippo,Sponton,Male,Product Management,Food Chemist,1335657268,140500
Herold,Legan,Male,Product Management,Senior Developer,1490147594,63500
Clem,Schowenburg,Male,Research and Development,Senior Financial Analyst,1472895254,72000
Chrissie,Klimashevich,Male,Business Development,Administrative Officer,1473676861,71500
Silvanus,Dregan,Male,Training,Sales Associate,1490921235,63000
Carolina,Antonutti,Female,Sales,Accountant II,1490275279,63500
Clarine,Whitear,Female,Business Development,Media Manager III,1301502492,157500
Louie,Ragge,Male,Training,Statistician II,1481729945,67500
Launce,Pudsall,Male,Business Development,Project Manager,1357180184,130000
Taite,Rosindill,Male,Engineering,Business Systems Development Analyst,1060276198,278500
Farrah,Drohan,Female,Support,Assistant Professor,1474789742,71000
Alf,Ashburner,Male,Training,Cost Accountant,1500645651,58000
Rooney,Noe,Male,Sales,Structural Analysis Engineer,1353899442,131500
Brittan,Balf,Female,Human Resources,Project Manager,1403626732,106500
Noelyn,Sarfatti,Female,Legal,Product Engineer,1481315751,68000
Roby,Siggs,Female,Marketing,Help Desk Operator,1391604019,112500
Clayborne,Gianilli,Male,Accounting,Environmental Tech,1457692682,79500
Burch,Fairpool,Male,Marketing,Environmental Specialist,1497220907,60000
Libbey,Berk,Female,Business Development,Structural Analysis Engineer,1120857761,248000
Theodosia,holmes,Female,Human Resources,Help Desk Technician,1511491818,52500
Son,Euels,Male,Legal,Senior Editor,987863274,314500
Tobin,O'Donnelly,Male,Product Management,Legal Assistant,1499202051,59000
Blayne,Gleave,Male,Engineering,Senior Quality Engineer,1500615781,58000
Petr,Stronack,Male,Legal,Dental Hygienist,1035494686,290500
Rayna,Jaquet,Female,Marketing,Environmental Specialist,1157784571,229500
Ikey,Batiste,Male,Engineering,Accountant IV,1484425698,66000
Maxie,Hughesdon,Male,Research and Development,Quality Control Specialist,1339474666,138500
Darcey,Wozencraft,Female,Product Management,Senior Cost Accountant,1496124356,60500
Ham,Pesterfield,Male,Business Development,Electrical Engineer,1461701680,77500
Celinka,Sitch,Female,Product Management,Junior Executive,1314521779,151000
Basilio,Elbourne,Male,Accounting,Budget/Accounting Analyst I,1466501388,75000
Stevy,Panketh,Male,Marketing,Engineer III,1440592038,88000
Kale,Dumbleton,Male,Human Resources,Health Coach I,1490142176,63500
Elyn,Redfield,Female,Engineering,Product Engineer,1433049337,92000
Caryl,Tremblet,Female,Accounting,Help Desk Operator,1325887623,145500
Suki,Sommerville,Female,Sales,Quality Control Specialist,1257060918,180000
Rebbecca,Cattach,Female,Research and Development,Engineer III,1474232048,71500
Desmond,Van der Hoven,Male,Support,Senior Cost Accountant,1444383365,86000
Nettie,Stonhouse,Female,Sales,Senior Editor,1467421455,74500
Arnold,Cicconettii,Male,Support,Human Resources Assistant I,1477800661,69500
Moshe,Dome,Male,Marketing,Quality Control Specialist,1287991309,164500
Gonzales,Larkin,Male,Sales,Registered Nurse,1492676169,62000
Denys,Burris,Male,Sales,Actuary,1503450422,56500
Sapphire,Knewstub,Female,Support,VP Accounting,1493423028,61500
Eleanore,Regler,Female,Sales,Operator,1466694585,75000
Dollie,Slopier,Female,Sales,Design Engineer,1409032765,104000
Fidela,Nicholas,Female,Business Development,Assistant Manager,1485959015,65500
Mose,Cope,Male,Product Management,Product Engineer,1491415965,62500
Angeline,Whale,Female,Human Resources,Health Coach I,1472389642,72000
Jareb,Dabell,Male,Services,Editor,1258303581,179500
Husain,Escot,Male,Legal,Operator,1470984577,73000
Paulette,Scotfurth,Female,Legal,Senior Developer,1508589190,54000
Olimpia,Rubbert,Female,Research and Development,Account Executive,1491087902,63000
Horatio,Haliburton,Male,Legal,Media Manager III,1262460951,177000
Carmine,Oseman,Female,Engineering,Financial Analyst,1295182687,161000
Stan,Empson,Male,Engineering,Administrative Officer,1359448158,128500
Mallorie,Aveson,Female,Training,Cost Accountant,1284175828,166500
Junia,Jeremaes,Female,Product Management,Programmer IV,1459809000,78500
Barde,Grindrod,Male,Accounting,Help Desk Technician,1464950412,76000
Shirl,Liell,Female,Accounting,Automation Specialist I,1467626675,74500
Erna,Mitchelson,Female,Accounting,Operator,1471578780,72500
Aindrea,Luparti,Female,Human Resources,Recruiter,1488681957,64000
Griffy,Feldbau,Male,Services,Programmer Analyst I,1361681380,127500
Emmalynn,Hounsom,Female,Legal,Geological Engineer,1515685657,50500
Nathanial,Ewebank,Male,Sales,Associate Professor,1230686782,193000
Claire,Andover,Male,Product Management,Dental Hygienist,1294345814,161500
Wandis,Rimbault,Female,Support,Environmental Tech,1459215426,79000
Daile,Fife,Female,Services,Safety Technician III,1496676315,60000
Kearney,Turbill,Male,Training,Director of Sales,1463787772,76500
Wash,Braine,Male,Product Management,Nurse,1459366939,79000
Yves,Guerriero,Male,Product Management,Chemical Engineer,1338442224,139000
Ailee,Chedgey,Female,Research and Development,Project Manager,1505561360,55500
Neila,Fleis,Female,Sales,Operator,1476077789,70500
Tedmund,Robinson,Male,Marketing,Nurse Practicioner,1457088248,80000
Kellen,Joselevitz,Female,Services,Financial Advisor,1243524100,186500
Hillel,MacNamee,Male,Marketing,Quality Engineer,1406442212,105000
Elene,Smeath,Female,Marketing,Recruiter,1395542232,110500
Cynthy,Spincke,Female,Research and Development,Account Representative IV,1445572894,85500
Shanta,Celli,Female,Support,Account Representative III,1496640320,60000
Orville,Devennie,Male,Marketing,Help Desk Operator,1484933495,66000
Nathalia,Tarbert,Female,Human Resources,Operator,1464748127,76000
Frannie,Battams,Male,Training,Computer Systems Analyst III,1096580354,260000
Tiertza,Upfold,Female,Accounting,Human Resources Assistant I,1486003220,65500
Benyamin,Trinkwon,Male,Sales,Operator,1514021547,51500
Napoleon,Forkan,Male,Engineering,Nurse Practicioner,1120889098,248000
Earlie,Dedden,Male,Accounting,VP Product Management,1140944953,238000
Derby,Georger,Male,Support,Internal Auditor,1502622356,57000
Anabelle,Ivanichev,Female,Engineering,Programmer I,1496179029,60500
Gordon,Chaffer,Male,Services,Cost Accountant,1494193036,61500
Alyosha,Sandbrook,Male,Engineering,Chief Design Engineer,1387530058,114500
Ivonne,Petre,Female,Product Management,Quality Control Specialist,1514266763,51500
Salomi,Coates,Female,Engineering,Administrative Assistant I,1467432460,74500
Janela,Gwyer,Female,Services,Assistant Professor,1259230199,179000
Maire,Leeming,Female,Services,Marketing Assistant,1457395276,79500
Marsh,Fabler,Male,Research and Development,Software Test Engineer III,1513733461,51500
Caril,Nortunen,Female,Sales,Systems Administrator I,1499597734,58500
Bunnie,Shadfourth,Female,Human Resources,Web Developer III,1224922261,196000
Leopold,Mitrovic,Male,Business Development,Physical Therapy Assistant,1509550742,53500
Anne-corinne,Diprose,Female,Training,VP Product Management,1371035653,123000
Nial,Crummay,Male,Marketing,Project Manager,1484535216,66000
Solomon,Hurle,Male,Research and Development,Staff Accountant I,1514226214,51500
Cristian,Hulle,Male,Legal,Compensation Analyst,1496357568,60500
Frederich,Placide,Male,Training,VP Marketing,1255570637,180500
Myrna,Wooder,Female,Support,Senior Developer,1466077712,75500
Dagny,Shepland,Male,Accounting,VP Sales,1210687155,203000
Roseann,Nance,Female,Marketing,Junior Executive,1496754945,60000
Christiana,McFarlane,Female,Accounting,Recruiter,1274816089,171000
Brose,Poynser,Male,Human Resources,Financial Advisor,1455086302,81000
Ferrel,O'Geneay,Male,Support,Data Coordiator,1502059874,57500
Burlie,Amery,Male,Marketing,Analog Circuit Design manager,1492371554,62500
Donetta,Degoy,Female,Sales,Recruiting Manager,1497104286,60000
Debee,Cornau,Female,Services,GIS Technical Architect,1423139986,97000
Halie,Solman,Female,Services,Web Designer IV,1323307342,147000
Boy,Seivwright,Male,Business Development,Web Developer IV,1397083793,110000
Steward,Loudyan,Male,Training,Systems Administrator IV,1469592618,73500
Nada,Gladbach,Female,Research and Development,Safety Technician III,1482437426,67000
Magdalen,Haugh,Female,Sales,Recruiter,1479278582,69000
Odelia,Carleton,Female,Product Management,Software Consultant,1498992230,59000
Luisa,Gooderick,Female,Training,Structural Analysis Engineer,1077160131,270000
Merle,Santora,Female,Services,VP Quality Control,1446217787,85500
Abbe,Redhills,Male,Marketing,Developer I,1493103027,62000
Reagan,Guiot,Male,Training,Information Systems Manager,1349840357,133500
Anetta,Aujouanet,Female,Business Development,Geological Engineer,1326777573,145000
Benedikta,Swansbury,Female,Business Development,Environmental Specialist,1046664226,285000
Leonore,Collingworth,Female,Accounting,Social Worker,1055983568,280500
Abra,Janowicz,Female,Legal,Systems Administrator II,1510078093,53500
Kitty,Pitt,Female,Training,Computer Systems Analyst II,953005248,332000
Johnette,Allden,Female,Training,VP Marketing,1471004344,73000
Antone,Dowson,Male,Business Development,Pharmacist,1462807046,77000
Birdie,Gibbins,Female,Support,Pharmacist,1428261277,94500
Bax,Tuffrey,Male,Business Development,Accountant IV,1431669720,92500
Lib,Corpes,Female,Marketing,Professor,1318376490,149000
Cece,Tilley,Male,Legal,Engineer I,1484520911,66000
Cozmo,Bolle,Male,Legal,Executive Secretary,1505965436,55500
Jacqui,O'Dennehy,Female,Business Development,Legal Assistant,1414020561,101500
Elly,Comins,Female,Engineering,Human Resources Manager,1511795135,52500
Virgie,Rockwell,Male,Research and Development,Environmental Tech,1489219225,64000
Lucia,Merrgen,Female,Marketing,Financial Analyst,1064601254,276000
Franny,Quene,Male,Sales,Software Test Engineer IV,1482331832,67500
Zuzana,Syres,Female,Marketing,Executive Secretary,1505326060,56000
Werner,Parlatt,Male,Services,Chemical Engineer,1474298252,71500
Merline,Carette,Female,Support,Structural Analysis Engineer,1508122670,54500
Dermot,De Beauchemp,Male,Marketing,Help Desk Technician,1349775527,133500
Letisha,Drillingcourt,Female,Services,Biostatistician IV,1464314683,76500
Jasen,Baudains,Male,Support,Sales Associate,1501980952,57500
Bambie,Scranny,Female,Training,Executive Secretary,1472176583,72500
Granger,Libbie,Male,Training,Nurse,961372921,328000
Lemuel,Burnhams,Male,Support,Sales Representative,1504068723,56500
Juline,Pearsall,Female,Research and Development,Web Developer III,1297059040,160000
Wilbert,Jay,Male,Engineering,Civil Engineer,1323659751,146500
Bert,Domoni,Female,Accounting,General Manager,1025102290,296000
Andras,Ferro,Male,Research and Development,Electrical Engineer,1127683971,244500
Basilius,Albon,Male,Research and Development,Assistant Media Planner,1042692705,287000
Lay,Willshere,Male,Support,VP Sales,1483819869,66500
Caria,Baselio,Female,Human Resources,Chemical Engineer,1516099957,50500
Richard,Behan,Male,Product Management,Safety Technician I,1247292341,185000
Cinda,Gingell,Female,Support,Financial Analyst,961234315,328000
Beverly,Cluett,Female,Accounting,Assistant Professor,1474527804,71000
Kristoffer,Isenor,Male,Legal,Structural Analysis Engineer,1368368159,124500
Allina,Stubbings,Female,Training,Civil Engineer,1443858420,86500
Euell,Sheehan,Male,Accounting,VP Marketing,1376997231,120000
Jemmie,Shoebrook,Female,Sales,Staff Scientist,1354723231,131000
Idette,Yurenin,Female,Marketing,Research Nurse,1389394053,113500
Cecilio,Michurin,Male,Business Development,Web Developer I,1210632897,203000
Spence,Padberry,Male,Services,Health Coach II,1485588967,65500
Gizela,Chazier,Female,Support,Environmental Tech,1302556526,157000
Bernadene,Sharpless,Female,Training,Sales Associate,1129454419,243500
Obadias,Gurling,Male,Legal,Editor,1508799930,54000
Elsinore,Tebbitt,Female,Sales,Programmer Analyst II,1470333246,73500
Herminia,Leivesley,Female,Training,Administrative Assistant IV,1257802746,179500
Darius,Dives,Male,Business Development,Senior Cost Accountant,1181446337,217500
Cristobal,Rouf,Male,Marketing,General Manager,1440668014,88000
Cullie,Foye,Male,Sales,Analyst Programmer,1486187389,65500
Daryl,Brellin,Male,Accounting,Dental Hygienist,1472162224,72500
Meade,Bracknall,Male,Research and Development,Human Resources Manager,1235696735,190500
Edan,Claus,Male,Accounting,Geological Engineer,1428540560,94000
Shem,Chestnut,Male,Services,Speech Pathologist,1469915044,73500
Ryun,Bisacre,Male,Training,Project Manager,972529088,322000
Jud,Petrushka,Male,Engineering,VP Marketing,1483680898,66500
Abagail,Scurr,Female,Accounting,Librarian,1447346808,85000
Baron,Rowter,Male,Business Development,Tax Accountant,1469608124,73500
Saloma,Langstone,Female,Human Resources,Automation Specialist I,1334789084,141000
Vernen,Pfiffer,Male,Support,Software Test Engineer III,1156481148,230000
Jessey,Hort,Male,Legal,Programmer Analyst III,1297383236,159500
Ray,Gioan,Female,Legal,Assistant Professor,1458084531,79500
Lonnie,Wylam,Male,Human Resources,Quality Control Specialist,1271601727,172500
Kacy,Parzis,Female,Accounting,Senior Quality Engineer,1375131538,121000
Carlo,Pyett,Male,Legal,Senior Financial Analyst,1504921746,56000
Shelbi,Thying,Female,Sales,Chief Design Engineer,1266217322,175500
Colette,Mealing,Female,Product Management,Programmer I,1506920396,55000
Dario,Armitt,Male,Services,Accounting Assistant III,1501899431,57500
Arda,Garmanson,Female,Marketing,Senior Quality Engineer,1310695162,153000
Deeanne,Shafe,Female,Services,Account Executive,1183692380,216500
Cart,Cockin,Male,Research and Development,Nuclear Power Engineer,1472201698,72500
Arleta,Mosedall,Female,Marketing,Chemical Engineer,1071788726,272500
Elna,Jakucewicz,Female,Human Resources,VP Accounting,1502463775,57000
Gennifer,Cordeix,Female,Support,Junior Executive,1495980452,60500
Dov,Matonin,Male,Human Resources,Physical Therapy Assistant,1210993573,203000
Denni,Bugdall,Female,Engineering,Executive Secretary,1118144626,249500
Baudoin,Anthon,Male,Product Management,Analog Circuit Design manager,1475640952,70500
Sammy,Stolze,Female,Legal,Design Engineer,998170829,309500
Theo,Longmaid,Male,Engineering,Statistician I,1459894448,78500
Jacquelyn,Marvel,Female,Marketing,Administrative Assistant I,1461833710,77500
Mireielle,Dene,Female,Research and Development,Analyst Programmer,1502045237,57500
Tobey,McSaul,Female,Product Management,Quality Control Specialist,1396893307,110000
Erhart,Kures,Male,Marketing,Senior Financial Analyst,1479962408,68500
Jordan,Mucklow,Male,Legal,Geological Engineer,1493160236,62000
Kennie,Anelay,Male,Sales,Graphic Designer,1499003854,59000
Luz,Fathers,Female,Sales,Sales Associate,1456762581,80000
Meryl,Calley,Male,Engineering,Registered Nurse,1483786579,66500
Emanuele,Avey,Male,Human Resources,Director of Sales,1076598004,270000
Ardyth,Tattoo,Female,Human Resources,Assistant Media Planner,1485298779,66000
Loni,Insko,Female,Legal,VP Marketing,1463972119,76500
Meara,Sowter,Female,Engineering,Web Developer IV,1469128615,74000
Basil,Derkes,Male,Business Development,Food Chemist,1475995708,70500
Wernher,Craigheid,Male,Marketing,Payment Adjustment Coordinator,1439362223,89000
Katherina,Batterson,Female,Research and Development,Project Manager,981083813,318000
Raye,Haffner,Female,Support,Biostatistician IV,1444247991,86500
William,Kyte,Male,Marketing,Account Executive,1498234317,59500
Torey,Sumbler,Female,Business Development,Structural Engineer,1446684508,85000
Freeman,Ferroli,Male,Research and Development,Mechanical Systems Engineer,1468035385,74500
Eddy,Elen,Male,Support,Research Associate,1509524552,53500
Florence,Grasser,Female,Business Development,Software Test Engineer III,1465248166,76000
Randolf,Tooke,Male,Research and Development,Staff Accountant III,1494564043,61000
Kalle,Hodges,Male,Research and Development,Software Consultant,1477148459,70000
Davin,Wigan,Male,Services,VP Quality Control,1142788659,237000
Krissy,Petzolt,Female,Research and Development,Recruiter,1504985890,56000
Christie,Welldrake,Male,Services,Web Developer I,1125488536,245500
Corby,Luffman,Male,Human Resources,Tax Accountant,1173557115,221500
Emmi,Laborde,Female,Marketing,Web Developer IV,1490036166,63500
Chanda,Timberlake,Female,Accounting,Internal Auditor,1440354040,88500
Micky,Van Zon,Male,Engineering,Assistant Media Planner,1463507634,76500
Henryetta,Tomkiss,Female,Research and Development,Computer Systems Analyst III,1463764873,76500
Carlyle,Stanner,Male,Support,Geologist IV,1483332352,67000
Aube,Wildman,Male,Research and Development,Help Desk Technician,1506423416,55000
Nannette,Twiddle,Female,Marketing,Programmer II,1082805771,267000
Lorianna,Hearnshaw,Female,Engineering,Executive Secretary,1028632732,294000
Portia,Mayzes,Female,Services,Financial Advisor,1373852078,121500
Adolphus,Brinkler,Male,Accounting,Legal Assistant,1505198224,56000
Nerissa,Sizeland,Female,Engineering,Paralegal,1173710427,221500
Missie,Reaney,Female,Services,Office Assistant II,1486418177,65000
Marlyn,Patesel,Female,Sales,Assistant Manager,1467709351,74500
Fielding,Munsey,Male,Services,Pharmacist,1456924439,80000
Phil,Binfield,Male,Research and Development,Web Designer III,1428633101,94000
Jedidiah,Grent,Male,Support,Senior Financial Analyst,1181718342,217500
Kiel,Cottle,Male,Training,Clinical Specialist,1507062516,55000
Kylie,Idale,Male,Support,Automation Specialist I,1476124678,70500
Arte,Garric,Male,Engineering,Data Coordiator,1470657929,73000
Domini,Jedrzejkiewicz,Female,Sales,Safety Technician I,1383216883,117000
Aylmar,Dabourne,Male,Sales,Product Engineer,1483304527,67000
Taddeusz,Kleewein,Male,Training,Product Engineer,1449152702,84000
Basilio,Delap,Male,Support,Product Engineer,1482424950,67000
Jillene,MacMichael,Female,Engineering,Analog Circuit Design manager,1187430095,214500
Temp,Bengall,Male,Services,Software Consultant,1459430372,78500
Fredrika,Whartonby,Female,Human Resources,Compensation Analyst,1389764420,113500
